period,value,released,version
2001 APR,6.3,2015-10-13,v1
2001 AUG,5.2,2015-10-13,v1
2001 DEC,4.1,2015-10-13,v1
2001 JUL,5.2,2015-10-13,v1
2001 JUN,5.5,2015-10-13,v1
2001 MAR,6.2,2015-10-13,v1
2001 MAY,5.2,2015-10-13,v1
2001 NOV,4.5,2015-10-13,v1
2001 OCT,4.7,2015-10-13,v1
2001 SEP,4.8,2015-10-13,v1
2002 APR,3.1,2015-10-13,v1
2002 AUG,3.5,2015-10-13,v1
2002 DEC,2.6,2015-10-13,v1
2002 FEB,3.3,2015-10-13,v1
2002 JAN,3.8,2015-10-13,v1
2002 JUL,3.8,2015-10-13,v1
2002 JUN,3.7,2015-10-13,v1
2002 MAR,3.1,2015-10-13,v1
2002 MAY,3.4,2015-10-13,v1
2002 NOV,2.9,2015-10-13,v1
2002 OCT,3.0,2015-10-13,v1
2002 SEP,3.3,2015-10-13,v1
2003 APR,3.2,2015-10-13,v1
2003 AUG,2.8,2015-10-13,v1
2003 DEC,3.8,2015-10-13,v1
2003 FEB,2.4,2015-10-13,v1
2003 JAN,2.5,2015-10-13,v1
2003 JUL,2.7,2015-10-13,v1
2003 JUN,2.7,2015-10-13,v1
2003 MAR,3.1,2015-10-13,v1
2003 MAY,3.3,2015-10-13,v1
2003 NOV,3.7,2015-10-13,v1
2003 OCT,3.5,2015-10-13,v1
2003 SEP,3.1,2015-10-13,v1
2004 APR,3.4,2015-10-13,v1
2004 AUG,4.7,2015-10-13,v1
2004 DEC,5.2,2015-10-13,v1
2004 FEB,3.5,2015-10-13,v1
2004 JAN,3.8,2015-10-13,v1
2004 JUL,4.4,2015-10-13,v1
2004 JUN,4.6,2015-10-13,v1
2004 MAR,3.0,2015-10-13,v1
2004 MAY,4.0,2015-10-13,v1
2004 NOV,5.1,2015-10-13,v1
2004 OCT,5.0,2015-10-13,v1
2004 SEP,4.8,2015-10-13,v1
2005 APR,4.9,2015-10-13,v1
2005 AUG,4.7,2015-10-13,v1
2005 DEC,4.3,2015-10-13,v1
2005 FEB,5.3,2015-10-13,v1
2005 JAN,5.1,2015-10-13,v1
2005 JUL,4.5,2015-10-13,v1
2005 JUN,4.4,2015-10-13,v1
2005 MAR,5.0,2015-10-13,v1
2005 MAY,4.3,2015-10-13,v1
2005 NOV,4.5,2015-10-13,v1
2005 OCT,4.6,2015-10-13,v1
2005 SEP,4.8,2015-10-13,v1
2006 APR,5.5,2015-10-13,v1
2006 AUG,4.6,2015-10-13,v1
2006 DEC,4.7,2015-10-13,v1
2006 FEB,4.8,2015-10-13,v1
2006 JAN,4.2,2015-10-13,v1
2006 JUL,4.9,2015-10-13,v1
2006 JUN,4.8,2015-10-13,v1
2006 MAR,5.3,2015-10-13,v1
2006 MAY,4.9,2015-10-13,v1
2006 NOV,4.1,2015-10-13,v1
2006 OCT,3.9,2015-10-13,v1
2006 SEP,4.0,2015-10-13,v1
2007 APR,5.4,2015-10-13,v1
2007 AUG,4.7,2015-10-13,v1
2007 DEC,4.0,2015-10-13,v1
2007 FEB,6.6,2015-10-13,v1
2007 JAN,5.4,2015-10-13,v1
2007 JUL,4.5,2015-10-13,v1
2007 JUN,4.3,2015-10-13,v1
2007 MAR,6.2,2015-10-13,v1
2007 MAY,4.4,2015-10-13,v1
2007 NOV,4.8,2015-10-13,v1
2007 OCT,5.0,2015-10-13,v1
2007 SEP,5.1,2015-10-13,v1
2008 APR,4.7,2015-10-13,v1
2008 AUG,3.2,2015-10-13,v1
2008 DEC,2.8,2015-10-13,v1
2008 FEB,3.8,2015-10-13,v1
2008 JAN,3.8,2015-10-13,v1
2008 JUL,3.6,2015-10-13,v1
2008 JUN,4.1,2015-10-13,v1
2008 MAR,4.3,2015-10-13,v1
2008 MAY,4.6,2015-10-13,v1
2008 NOV,2.9,2015-10-13,v1
2008 OCT,3.1,2015-10-13,v1
2008 SEP,3.0,2015-10-13,v1
2009 APR,-2.9,2015-10-13,v1
2009 AUG,0.5,2015-10-13,v1
2009 DEC,0.9,2015-10-13,v1
2009 FEB,-0.5,2015-10-13,v1
2009 JAN,2.3,2015-10-13,v1
2009 JUL,0.6,2015-10-13,v1
2009 JUN,1.0,2015-10-13,v1
2009 MAR,-2.7,2015-10-13,v1
2009 MAY,-0.6,2015-10-13,v1
2009 NOV,0.4,2015-10-13,v1
2009 OCT,0.4,2015-10-13,v1
2009 SEP,0.5,2015-10-13,v1
2010 APR,4.2,2015-10-13,v1
2010 AUG,1.9,2015-10-13,v1
2010 DEC,1.8,2015-10-13,v1
2010 FEB,2.7,2015-10-13,v1
2010 JAN,1.1,2015-10-13,v1
2010 JUL,1.6,2015-10-13,v1
2010 JUN,1.2,2015-10-13,v1
2010 MAR,4.3,2015-10-13,v1
2010 MAY,2.7,2015-10-13,v1
2010 NOV,2.2,2015-10-13,v1
2010 OCT,2.1,2015-10-13,v1
2010 SEP,2.0,2015-10-13,v1
2011 APR,2.1,2015-10-13,v1
2011 AUG,2.6,2015-10-13,v1
2011 DEC,1.9,2015-10-13,v1
2011 FEB,2.3,2015-10-13,v1
2011 JAN,2.5,2015-10-13,v1
2011 JUL,2.8,2015-10-13,v1
2011 JUN,2.5,2015-10-13,v1
2011 MAR,2.7,2015-10-13,v1
2011 MAY,2.4,2015-10-13,v1
2011 NOV,1.9,2015-10-13,v1
2011 OCT,1.9,2015-10-13,v1
2011 SEP,2.2,2015-10-13,v1
2012 APR,1.3,2015-10-13,v1
2012 AUG,1.7,2015-10-13,v1
2012 DEC,1.3,2015-10-13,v1
2012 FEB,0.9,2015-10-13,v1
2012 JAN,1.3,2015-10-13,v1
2012 JUL,1.5,2015-10-13,v1
2012 JUN,1.7,2015-10-13,v1
2012 MAR,0.7,2015-10-13,v1
2012 MAY,1.6,2015-10-13,v1
2012 NOV,1.5,2015-10-13,v1
2012 OCT,1.7,2015-10-13,v1
2012 SEP,1.8,2015-10-13,v1
2013 APR,1.5,2015-10-13,v1
2013 AUG,0.8,2015-10-13,v1
2013 DEC,1.1,2015-10-13,v1
2013 FEB,1.1,2015-10-13,v1
2013 JAN,1.2,2015-10-13,v1
2013 JUL,1.2,2015-10-13,v1
2013 JUN,2.3,2015-10-13,v1
2013 MAR,0.5,2015-10-13,v1
2013 MAY,1.8,2015-10-13,v1
2013 NOV,0.9,2015-10-13,v1
2013 OCT,0.9,2015-10-13,v1
2013 SEP,0.8,2015-10-13,v1
2014 APR,0.8,2015-10-13,v1
2014 AUG,0.8,2015-10-13,v1
2014 DEC,2.2,2015-10-13,v1
2014 FEB,1.8,2015-10-13,v1
2014 JAN,1.4,2015-10-13,v1
2014 JUL,0.6,2015-10-13,v1
2014 JUN,-0.1,2015-10-13,v1
2014 MAR,1.9,2015-10-13,v1
2014 MAY,0.3,2015-10-13,v1
2014 NOV,1.8,2015-10-13,v1
2014 OCT,1.5,2015-10-13,v1
2014 SEP,1.0,2015-10-13,v1
2015 APR,2.7,2015-10-13,v1
2015 AUG,3.0,2015-10-13,v1
2015 FEB,1.7,2015-10-13,v1
2015 JAN,2.0,2015-10-13,v1
2015 JUL,2.9,2015-10-13,v1
2015 JUN,2.6,2015-10-13,v1
2015 MAR,2.3,2015-10-13,v1
2015 MAY,3.3,2015-10-13,v1
2014 AUG,0.7,2015-12-16,v2
2014 NOV,1.9,2015-12-16,v2
2015 OCT,2.4,2015-12-16,v2
2015 SEP,3.0,2015-12-16,v2
2015 NOV,2.0,2015-12-16,v3
2015 DEC,1.9,2016-03-16,v4
2015 NOV,2.1,2016-03-16,v4
2016 JAN,2.1,2016-03-16,v5
2014 DEC,2.1,2016-04-20,v6
2015 APR,2.9,2016-04-20,v6
2015 JAN,1.8,2016-04-20,v6
2015 MAR,2.4,2016-04-20,v6
2016 FEB,1.8,2016-04-20,v6
2015 APR,2.8,2016-05-18,v7
2015 FEB,1.8,2016-05-18,v7
2015 JAN,1.9,2016-05-18,v7
2015 MAY,3.1,2016-05-18,v7
2016 FEB,1.9,2016-05-18,v7
2016 JAN,2.2,2016-05-18,v7
2016 MAR,2.0,2016-05-18,v7
2015 FEB,1.9,2016-06-15,v8
2015 JUN,2.5,2016-06-15,v8
2015 MAY,3.0,2016-06-15,v8
2016 APR,2.0,2016-06-15,v8
2015 APR,2.7,2016-07-19,v9
2015 JUN,2.4,2016-07-19,v9
2016 MAY,2.3,2016-07-19,v9
2015 AUG,3.2,2016-08-16,v10
2015 JUN,2.5,2016-08-16,v10
2015 MAY,2.9,2016-08-16,v10
2016 JUN,2.4,2016-08-16,v10
2015 AUG,3.1,2016-09-13,v11
2015 SEP,2.9,2016-09-13,v11
2016 JUL,2.3,2016-09-13,v11
2016 JUN,2.5,2016-09-13,v11
2015 AUG,3.0,2016-10-18,v12
2015 JUL,2.8,2016-10-18,v12
2016 AUG,2.3,2016-10-18,v12
2016 JUL,2.4,2016-10-18,v12
2015 OCT,2.5,2016-11-16,v13
2016 SEP,2.3,2016-11-16,v13
2002 JAN,3.7,2016-12-14,v14
2002 MAY,3.3,2016-12-14,v14
2003 MAR,3.2,2016-12-14,v14
2004 DEC,5.3,2016-12-14,v14
2005 APR,4.8,2016-12-14,v14
2007 FEB,6.5,2016-12-14,v14
2007 MAR,6.1,2016-12-14,v14
2007 SEP,5.2,2016-12-14,v14
2008 APR,4.6,2016-12-14,v14
2008 JUL,3.7,2016-12-14,v14
2011 JUL,2.7,2016-12-14,v14
2011 MAR,2.8,2016-12-14,v14
2013 MAY,1.7,2016-12-14,v14
2013 NOV,1.0,2016-12-14,v14
2014 AUG,0.8,2016-12-14,v14
2014 DEC,2.2,2016-12-14,v14
2014 JAN,1.3,2016-12-14,v14
2014 MAY,0.2,2016-12-14,v14
2015 FEB,1.8,2016-12-14,v14
2015 JAN,2.0,2016-12-14,v14
2015 JUL,2.9,2016-12-14,v14
2015 JUN,2.6,2016-12-14,v14
2015 MAY,3.2,2016-12-14,v14
2015 OCT,2.4,2016-12-14,v14
2015 SEP,3.0,2016-12-14,v14
2016 AUG,2.4,2016-12-14,v14
2016 MAR,2.1,2016-12-14,v14
2016 OCT,2.5,2016-12-14,v14
2016 SEP,2.4,2016-12-14,v14
2016 NOV,2.8,2017-01-18,v15
2016 OCT,2.6,2017-01-18,v15
2015 NOV,2.0,2017-02-15,v16
2016 DEC,2.6,2017-02-15,v16
2016 FEB,2.0,2017-02-15,v16
2016 OCT,2.5,2017-02-15,v16
2016 FEB,2.1,2017-03-15,v17
2016 JAN,2.3,2017-03-15,v17
2017 JAN,2.2,2017-03-15,v17
2016 FEB,2.0,2017-04-11,v18
2016 JAN,2.2,2017-04-11,v18
2017 FEB,2.3,2017-04-11,v18
2017 JAN,2.3,2017-04-11,v18
2016 FEB,2.1,2017-05-16,v19
2016 JAN,2.3,2017-05-16,v19
2017 MAR,2.4,2017-05-16,v19
2001 MAY,5.1,2017-06-13,v20
2002 DEC,2.7,2017-06-13,v20
2002 JAN,3.8,2017-06-13,v20
2002 SEP,3.4,2017-06-13,v20
2003 APR,3.1,2017-06-13,v20
2003 AUG,2.9,2017-06-13,v20
2003 DEC,3.9,2017-06-13,v20
2003 JAN,2.6,2017-06-13,v20
2003 MAR,3.0,2017-06-13,v20
2004 APR,3.7,2017-06-13,v20
2004 AUG,4.4,2017-06-13,v20
2004 DEC,4.8,2017-06-13,v20
2004 FEB,3.9,2017-06-13,v20
2004 JAN,3.9,2017-06-13,v20
2004 JUN,4.3,2017-06-13,v20
2004 MAR,3.7,2017-06-13,v20
2004 MAY,4.1,2017-06-13,v20
2004 NOV,4.9,2017-06-13,v20
2004 OCT,4.7,2017-06-13,v20
2004 SEP,4.6,2017-06-13,v20
2005 APR,4.7,2017-06-13,v20
2005 AUG,4.8,2017-06-13,v20
2005 FEB,5.0,2017-06-13,v20
2005 JAN,4.8,2017-06-13,v20
2005 JUL,4.6,2017-06-13,v20
2005 MAR,4.9,2017-06-13,v20
2005 NOV,4.3,2017-06-13,v20
2006 APR,5.4,2017-06-13,v20
2006 DEC,4.6,2017-06-13,v20
2006 JAN,4.3,2017-06-13,v20
2006 NOV,3.9,2017-06-13,v20
2006 OCT,3.8,2017-06-13,v20
2006 SEP,3.9,2017-06-13,v20
2007 DEC,3.9,2017-06-13,v20
2007 FEB,6.6,2017-06-13,v20
2007 JAN,5.5,2017-06-13,v20
2007 MAR,6.3,2017-06-13,v20
2007 MAY,4.5,2017-06-13,v20
2007 NOV,4.7,2017-06-13,v20
2007 OCT,4.9,2017-06-13,v20
2007 SEP,5.1,2017-06-13,v20
2008 APR,4.7,2017-06-13,v20
2008 DEC,2.7,2017-06-13,v20
2008 FEB,3.9,2017-06-13,v20
2008 JAN,4.0,2017-06-13,v20
2008 JUL,3.5,2017-06-13,v20
2008 JUN,4.0,2017-06-13,v20
2008 MAR,4.5,2017-06-13,v20
2008 NOV,2.7,2017-06-13,v20
2008 OCT,3.0,2017-06-13,v20
2008 SEP,2.9,2017-06-13,v20
2009 APR,-1.8,2017-06-13,v20
2009 AUG,0.6,2017-06-13,v20
2009 DEC,0.7,2017-06-13,v20
2009 FEB,-1.5,2017-06-13,v20
2009 JAN,1.2,2017-06-13,v20
2009 MAR,-2.6,2017-06-13,v20
2009 MAY,0.4,2017-06-13,v20
2009 NOV,0.7,2017-06-13,v20
2009 OCT,0.6,2017-06-13,v20
2009 SEP,0.6,2017-06-13,v20
2010 APR,2.8,2017-06-13,v20
2010 AUG,1.8,2017-06-13,v20
2010 DEC,2.2,2017-06-13,v20
2010 FEB,2.6,2017-06-13,v20
2010 JUL,1.7,2017-06-13,v20
2010 JUN,1.6,2017-06-13,v20
2010 MAR,2.9,2017-06-13,v20
2010 MAY,1.6,2017-06-13,v20
2010 SEP,1.9,2017-06-13,v20
2011 APR,2.5,2017-06-13,v20
2011 FEB,2.6,2017-06-13,v20
2011 JUL,2.6,2017-06-13,v20
2011 JUN,2.4,2017-06-13,v20
2011 MAY,2.3,2017-06-13,v20
2012 APR,1.2,2017-06-13,v20
2012 AUG,1.6,2017-06-13,v20
2012 DEC,1.2,2017-06-13,v20
2012 FEB,1.0,2017-06-13,v20
2012 JAN,1.4,2017-06-13,v20
2012 JUL,1.4,2017-06-13,v20
2012 JUN,1.5,2017-06-13,v20
2012 MAY,1.4,2017-06-13,v20
2013 APR,1.4,2017-06-13,v20
2013 AUG,0.7,2017-06-13,v20
2013 DEC,1.0,2017-06-13,v20
2013 FEB,1.2,2017-06-13,v20
2013 JAN,1.3,2017-06-13,v20
2013 JUL,1.1,2017-06-13,v20
2013 JUN,2.1,2017-06-13,v20
2013 MAR,0.6,2017-06-13,v20
2013 MAY,1.6,2017-06-13,v20
2013 NOV,0.8,2017-06-13,v20
2013 OCT,0.8,2017-06-13,v20
2013 SEP,0.7,2017-06-13,v20
2014 APR,0.6,2017-06-13,v20
2014 AUG,0.6,2017-06-13,v20
2014 DEC,2.1,2017-06-13,v20
2014 FEB,1.7,2017-06-13,v20
2014 JUL,0.5,2017-06-13,v20
2014 JUN,-0.3,2017-06-13,v20
2014 MAR,1.8,2017-06-13,v20
2014 MAY,0.0,2017-06-13,v20
2014 NOV,1.8,2017-06-13,v20
2014 OCT,1.4,2017-06-13,v20
2014 SEP,0.9,2017-06-13,v20
2015 APR,2.8,2017-06-13,v20
2015 AUG,3.1,2017-06-13,v20
2015 DEC,2.0,2017-06-13,v20
2015 FEB,1.9,2017-06-13,v20
2015 JUL,3.0,2017-06-13,v20
2015 JUN,2.7,2017-06-13,v20
2015 NOV,2.1,2017-06-13,v20
2015 OCT,2.5,2017-06-13,v20
2015 SEP,3.1,2017-06-13,v20
2016 APR,2.2,2017-06-13,v20
2016 JUL,2.5,2017-06-13,v20
2016 JUN,2.6,2017-06-13,v20
2016 MAR,2.2,2017-06-13,v20
2016 MAY,2.4,2017-06-13,v20
2017 APR,2.1,2017-06-13,v20
2017 FEB,2.2,2017-06-13,v20
2017 JAN,2.2,2017-06-13,v20
2017 MAR,2.3,2017-06-13,v20
2016 APR,2.1,2017-07-11,v21
2017 MAY,1.8,2017-07-11,v21
2016 APR,2.2,2017-08-15,v22
2016 AUG,2.3,2017-08-15,v22
2016 JUL,2.4,2017-08-15,v22
2016 MAY,2.5,2017-08-15,v22
2017 JUN,2.1,2017-08-15,v22
2017 MAY,1.9,2017-08-15,v22
2016 JUL,2.3,2017-09-12,v23
2016 JUN,2.4,2017-09-12,v23
2016 SEP,2.5,2017-09-12,v23
2017 JUL,2.1,2017-09-12,v23
2016 JUN,2.5,2017-10-17,v24
2017 AUG,2.2,2017-10-17,v24
2017 JUL,2.2,2017-10-17,v24
2016 JUL,2.4,2017-11-15,v25
2016 NOV,2.7,2017-11-15,v25
2017 AUG,2.3,2017-11-15,v25
2017 SEP,2.2,2017-11-15,v25
2016 OCT,2.4,2017-12-13,v26
2016 SEP,2.4,2017-12-13,v26
2017 OCT,2.5,2017-12-13,v26
2017 SEP,2.3,2017-12-13,v26
2017 NOV,2.5,2018-01-24,v27
2016 DEC,2.5,2018-02-21,v28
2017 DEC,2.5,2018-02-21,v28
2017 FEB,2.1,2018-02-21,v28
2017 DEC,2.7,2018-03-20,v29
2018 JAN,2.8,2018-03-20,v29
2017 APR,2.2,2018-04-16,v30
2017 DEC,2.6,2018-04-16,v30
2017 FEB,2.2,2018-04-16,v30
2017 MAR,2.4,2018-04-16,v30
2018 FEB,2.8,2018-04-16,v30
2017 APR,2.3,2018-05-14,v31
2017 FEB,2.1,2018-05-14,v31
2017 MAY,2.0,2018-05-14,v31
2018 MAR,2.6,2018-05-14,v31
2017 APR,2.2,2018-06-11,v32
2018 APR,2.5,2018-06-11,v32
2018 APR,2.6,2018-07-16,v33
2018 MAY,2.5,2018-07-16,v33
2017 AUG,2.4,2018-08-13,v34
2017 JUL,2.3,2018-08-13,v34
2017 JUN,2.2,2018-08-13,v34
2018 JUN,2.4,2018-08-13,v34
2017 JUN,2.3,2018-09-10,v35
2017 SEP,2.2,2018-09-10,v35
2018 JUL,2.6,2018-09-10,v35
2018 MAY,2.6,2018-09-10,v35
2018 AUG,2.7,2018-10-15,v36
2017 JUL,2.4,2018-11-13,v37
2017 NOV,2.6,2018-11-13,v37
2018 AUG,2.8,2018-11-13,v37
2018 SEP,3.0,2018-11-13,v37
2017 DEC,2.5,2018-12-11,v38
2017 NOV,2.5,2018-12-11,v38
2017 SEP,2.3,2018-12-11,v38
2018 OCT,3.3,2018-12-11,v38
2018 SEP,3.1,2018-12-11,v38
2014 DEC,2.0,2019-01-22,v39
2014 JAN,1.2,2019-01-22,v39
2014 JUL,0.4,2019-01-22,v39
2014 NOV,1.7,2019-01-22,v39
2015 APR,2.7,2019-01-22,v39
2015 AUG,3.0,2019-01-22,v39
2015 DEC,1.9,2019-01-22,v39
2015 FEB,1.7,2019-01-22,v39
2015 JAN,1.9,2019-01-22,v39
2015 JUL,2.8,2019-01-22,v39
2015 JUN,2.5,2019-01-22,v39
2015 MAR,2.3,2019-01-22,v39
2015 MAY,3.1,2019-01-22,v39
2015 NOV,2.0,2019-01-22,v39
2015 OCT,2.4,2019-01-22,v39
2015 SEP,2.9,2019-01-22,v39
2016 AUG,2.4,2019-01-22,v39
2016 FEB,2.0,2019-01-22,v39
2016 JAN,2.2,2019-01-22,v39
2016 JUL,2.5,2019-01-22,v39
2016 JUN,2.6,2019-01-22,v39
2016 MAR,2.1,2019-01-22,v39
2016 MAY,2.4,2019-01-22,v39
2017 AUG,2.3,2019-01-22,v39
2017 DEC,2.6,2019-01-22,v39
2017 JUL,2.3,2019-01-22,v39
2017 JUN,2.2,2019-01-22,v39
2017 MAR,2.3,2019-01-22,v39
2017 MAY,1.9,2019-01-22,v39
2018 FEB,2.9,2019-01-22,v39
2018 NOV,3.4,2019-01-22,v39
2017 NOV,2.4,2019-02-19,v40
2018 DEC,3.4,2019-02-19,v40
2017 NOV,2.5,2019-03-19,v41
2018 DEC,3.5,2019-03-19,v41
2018 FEB,2.8,2019-03-19,v41
2019 JAN,3.4,2019-03-19,v41
2018 JAN,2.7,2019-04-15,v42
2019 FEB,3.5,2019-04-15,v42
2019 JAN,3.5,2019-04-15,v42
2018 APR,2.7,2019-05-13,v43
2018 MAY,2.7,2019-05-13,v43
2019 MAR,3.2,2019-05-13,v43
2018 MAY,2.6,2019-06-10,v44
2019 APR,3.1,2019-06-10,v44
2019 MAR,3.3,2019-06-10,v44
2018 MAR,2.7,2019-07-15,v45
2019 APR,3.2,2019-07-15,v45
2019 MAY,3.4,2019-07-15,v45
2018 AUG,2.9,2019-08-12,v46
2019 APR,3.3,2019-08-12,v46
2019 JUN,3.7,2019-08-12,v46
2019 MAY,3.5,2019-08-12,v46
2018 AUG,2.8,2019-09-09,v47
2019 JUL,4.0,2019-09-09,v47
2019 JUN,3.8,2019-09-09,v47
2018 OCT,3.4,2019-10-14,v48
2019 AUG,3.8,2019-10-14,v48
2019 JUL,3.9,2019-10-14,v48
2019 AUG,3.7,2019-11-12,v49
2019 SEP,3.6,2019-11-12,v49
2018 DEC,3.7,2019-12-17,v50
2018 NOV,3.5,2019-12-17,v50
2018 SEP,3.0,2019-12-17,v50
2019 OCT,3.2,2019-12-17,v50
2019 SEP,3.7,2019-12-17,v50
2019 NOV,3.2,2020-01-21,v51
2002 JUN,3.5,2020-02-18,v52
2002 MAR,3.2,2020-02-18,v52
2002 SEP,3.3,2020-02-18,v52
2003 JUN,2.8,2020-02-18,v52
2003 MAR,2.9,2020-02-18,v52
2003 NOV,3.6,2020-02-18,v52
2004 APR,3.8,2020-02-18,v52
2004 JAN,4.0,2020-02-18,v52
2005 AUG,4.7,2020-02-18,v52
2005 JUL,4.5,2020-02-18,v52
2005 JUN,4.3,2020-02-18,v52
2005 MAR,5.1,2020-02-18,v52
2005 OCT,4.5,2020-02-18,v52
2006 FEB,4.9,2020-02-18,v52
2006 JAN,4.4,2020-02-18,v52
2006 JUL,4.8,2020-02-18,v52
2006 JUN,4.9,2020-02-18,v52
2006 MAR,5.2,2020-02-18,v52
2007 AUG,4.6,2020-02-18,v52
2007 FEB,6.7,2020-02-18,v52
2007 JAN,5.6,2020-02-18,v52
2007 JUL,4.4,2020-02-18,v52
2007 JUN,4.2,2020-02-18,v52
2007 MAR,6.4,2020-02-18,v52
2008 AUG,3.1,2020-02-18,v52
2008 JUN,3.8,2020-02-18,v52
2008 MAR,4.8,2020-02-18,v52
2008 NOV,2.8,2020-02-18,v52
2009 DEC,0.8,2020-02-18,v52
2009 FEB,-1.6,2020-02-18,v52
2009 JUL,0.7,2020-02-18,v52
2009 JUN,1.1,2020-02-18,v52
2009 MAR,-2.7,2020-02-18,v52
2010 APR,2.7,2020-02-18,v52
2010 JUL,1.8,2020-02-18,v52
2010 MAR,2.8,2020-02-18,v52
2010 SEP,2.0,2020-02-18,v52
2011 APR,2.4,2020-02-18,v52
2011 JUL,2.7,2020-02-18,v52
2011 MAR,2.7,2020-02-18,v52
2013 JUN,2.0,2020-02-18,v52
2013 MAR,0.7,2020-02-18,v52
2014 JUN,-0.1,2020-02-18,v52
2014 MAR,1.6,2020-02-18,v52
2016 AUG,2.3,2020-02-18,v52
2016 JUL,2.4,2020-02-18,v52
2016 JUN,2.5,2020-02-18,v52
2016 MAR,2.3,2020-02-18,v52
2016 MAY,2.5,2020-02-18,v52
2016 SEP,2.3,2020-02-18,v52
2017 JAN,2.1,2020-02-18,v52
2017 JUL,2.2,2020-02-18,v52
2017 JUN,2.3,2020-02-18,v52
2017 MAR,2.2,2020-02-18,v52
2017 MAY,2.0,2020-02-18,v52
2017 SEP,2.2,2020-02-18,v52
2018 DEC,3.6,2020-02-18,v52
2018 JUN,2.2,2020-02-18,v52
2018 MAR,2.9,2020-02-18,v52
2018 NOV,3.4,2020-02-18,v52
2019 DEC,2.9,2020-02-18,v52
2019 JUN,4.0,2020-02-18,v52
2019 MAR,3.2,2020-02-18,v52
2020 JAN,3.1,2020-03-17,v53
2019 APR,3.4,2020-04-20,v54
2019 JAN,3.4,2020-04-20,v54
2020 FEB,2.8,2020-04-20,v54
2020 MAR,2.4,2020-05-18,v55
2016 AUG,2.4,2020-06-15,v56
2018 OCT,3.3,2020-06-15,v56
2019 APR,3.3,2020-06-15,v56
2019 FEB,3.6,2020-06-15,v56
2019 JAN,3.5,2020-06-15,v56
2019 MAR,3.3,2020-06-15,v56
2019 SEP,3.6,2020-06-15,v56
2020 APR,1.0,2020-06-15,v56
2020 FEB,2.9,2020-06-15,v56
2020 MAR,2.3,2020-06-15,v56
2018 MAY,2.7,2020-07-15,v57
2020 MAY,-0.3,2020-07-15,v57
2016 JUL,2.5,2020-08-10,v58
2018 MAY,2.6,2020-08-10,v58
2020 APR,0.9,2020-08-10,v58
2020 JUN,-1.2,2020-08-10,v58
2016 JUL,2.4,2020-09-14,v59
2018 MAY,2.7,2020-09-14,v59
2020 APR,1.0,2020-09-14,v59
2020 JUL,-1.0,2020-09-14,v59
2009 DEC,0.7,2020-10-12,v60
2015 JAN,1.8,2020-10-12,v60
2017 APR,2.3,2020-10-12,v60
2017 SEP,2.3,2020-10-12,v60
2018 OCT,3.4,2020-10-12,v60
2019 DEC,2.8,2020-10-12,v60
2019 FEB,3.5,2020-10-12,v60
2019 JAN,3.4,2020-10-12,v60
2019 MAR,3.2,2020-10-12,v60
2019 SEP,3.7,2020-10-12,v60
2020 AUG,0.0,2020-10-12,v60
2017 SEP,2.2,2020-11-10,v61
2019 MAR,3.3,2020-11-10,v61
2019 NOV,3.1,2020-11-10,v61
2019 SEP,3.6,2020-11-10,v61
2020 AUG,0.1,2020-11-10,v61
2020 SEP,1.3,2020-11-10,v61
2009 DEC,0.8,2020-12-15,v62
2015 JAN,1.9,2020-12-15,v62
2017 APR,2.2,2020-12-15,v62
2017 SEP,2.3,2020-12-15,v62
2018 MAY,2.6,2020-12-15,v62
2018 OCT,3.3,2020-12-15,v62
2019 FEB,3.6,2020-12-15,v62
2019 JUN,3.9,2020-12-15,v62
2019 NOV,3.2,2020-12-15,v62
2019 OCT,3.1,2020-12-15,v62
2019 SEP,3.7,2020-12-15,v62
2020 JUN,-1.3,2020-12-15,v62
2020 OCT,2.7,2020-12-15,v62
2020 SEP,1.4,2020-12-15,v62
2018 OCT,3.4,2021-01-26,v63
2018 SEP,3.1,2021-01-26,v63
2019 FEB,3.5,2021-01-26,v63
2019 MAR,3.2,2021-01-26,v63
2019 MAY,3.4,2021-01-26,v63
2019 OCT,3.2,2021-01-26,v63
2020 APR,0.9,2021-01-26,v63
2020 MAY,-0.4,2021-01-26,v63
2020 NOV,3.6,2021-01-26,v63
2020 OCT,2.8,2021-01-26,v63
2019 DEC,2.7,2021-02-23,v64
2019 OCT,3.3,2021-02-23,v64
2020 DEC,4.7,2021-02-23,v64
2020 FEB,2.8,2021-02-23,v64
2020 JAN,2.9,2021-02-23,v64
2020 NOV,3.7,2021-02-23,v64
2016 JUL,2.5,2021-03-23,v65
2016 MAY,2.4,2021-03-23,v65
2016 SEP,2.4,2021-03-23,v65
2018 DEC,3.5,2021-03-23,v65
2019 MAR,3.3,2021-03-23,v65
2019 SEP,3.8,2021-03-23,v65
2020 JAN,3.0,2021-03-23,v65
2020 MAR,2.4,2021-03-23,v65
2020 SEP,1.5,2021-03-23,v65
2021 JAN,4.8,2021-03-23,v65
2019 JAN,3.3,2021-04-19,v66
2019 MAY,3.5,2021-04-19,v66
2020 APR,1.0,2021-04-19,v66
2020 DEC,4.6,2021-04-19,v66
2020 JAN,2.9,2021-04-19,v66
2021 FEB,4.5,2021-04-19,v66
2020 APR,1.1,2021-05-17,v67
2020 FEB,2.6,2021-05-17,v67
2020 MAY,-0.2,2021-05-17,v67
2021 MAR,4.0,2021-05-17,v67
2020 FEB,2.7,2021-06-14,v68
2020 MAR,2.5,2021-06-14,v68
2021 APR,5.6,2021-06-14,v68
2021 MAR,4.3,2021-06-14,v68
2020 JUN,-1.4,2021-07-14,v69
2021 APR,5.7,2021-07-14,v69
2021 MAY,7.3,2021-07-14,v69
2016 MAY,2.5,2021-08-16,v70
2019 APR,3.4,2021-08-16,v70
2020 FEB,2.8,2021-08-16,v70
2020 JUN,-1.3,2021-08-16,v70
2020 MAY,-0.3,2021-08-16,v70
2021 APR,5.8,2021-08-16,v70
2021 JAN,4.7,2021-08-16,v70
2021 JUN,8.8,2021-08-16,v70
2021 MAY,7.4,2021-08-16,v70
2021 JUL,8.3,2021-09-13,v71
2021 AUG,7.2,2021-10-11,v72
2020 OCT,2.7,2021-11-16,v73
2020 SEP,1.4,2021-11-16,v73
2021 SEP,5.8,2021-11-16,v73
2020 NOV,3.6,2021-12-14,v74
2021 OCT,4.9,2021-12-14,v74
2021 SEP,5.9,2021-12-14,v74
2020 NOV,3.5,2022-01-18,v75
2020 OCT,2.6,2022-01-18,v75
2020 SEP,1.3,2022-01-18,v75
2021 JAN,4.8,2022-01-18,v75
2021 NOV,4.2,2022-01-18,v75
2020 NOV,3.6,2022-02-15,v76
2021 DEC,4.3,2022-02-15,v76
2021 FEB,4.4,2022-02-15,v76
2020 NOV,3.7,2022-03-15,v77
2021 DEC,4.6,2022-03-15,v77
2021 FEB,4.3,2022-03-15,v77
2022 JAN,4.8,2022-03-15,v77
2022 FEB,5.4,2022-04-11,v78
2021 APR,5.3,2022-05-16,v79
2021 FEB,4.5,2022-05-16,v79
2021 JAN,4.9,2022-05-16,v79
2021 MAR,4.0,2022-05-16,v79
2021 MAY,6.9,2022-05-16,v79
2022 FEB,5.6,2022-05-16,v79
2022 JAN,4.9,2022-05-16,v79
2022 MAR,7.0,2022-05-16,v79
2021 APR,5.5,2022-06-13,v80
2021 JUN,9.0,2022-06-13,v80
2021 MAY,7.2,2022-06-13,v80
2022 APR,6.8,2022-06-13,v80
2021 APR,5.4,2022-07-18,v81
2021 JUL,8.5,2022-07-18,v81
2021 JUN,9.1,2022-07-18,v81
2021 MAR,3.9,2022-07-18,v81
2022 MAY,6.2,2022-07-18,v81
2021 APR,5.5,2022-08-15,v82
2021 JUL,8.6,2022-08-15,v82
2021 JUN,9.2,2022-08-15,v82
2021 MAY,7.4,2022-08-15,v82
2022 APR,6.9,2022-08-15,v82
2022 JUN,5.1,2022-08-15,v82
2022 MAY,6.4,2022-08-15,v82
2022 JUL,5.5,2022-09-12,v83
2022 JUN,5.2,2022-09-12,v83
2021 AUG,7.3,2022-10-10,v84
2021 OCT,5.0,2022-10-10,v84
2021 SEP,6.0,2022-10-10,v84
2022 AUG,6.0,2022-10-10,v84
2021 NOV,4.3,2022-11-15,v85
2021 OCT,5.1,2022-11-15,v85
2021 SEP,6.1,2022-11-15,v85
2022 AUG,6.1,2022-11-15,v85
2022 SEP,6.0,2022-11-15,v85
2021 DEC,4.7,2022-12-13,v86
2021 NOV,4.4,2022-12-13,v86
2021 OCT,5.2,2022-12-13,v86
2022 OCT,6.1,2022-12-13,v86
2021 DEC,4.6,2023-01-17,v87
2022 JAN,4.8,2023-01-17,v87
2022 NOV,6.4,2023-01-17,v87
2022 OCT,6.2,2023-01-17,v87
2021 NOV,4.2,2023-02-14,v88
2021 OCT,5.1,2023-02-14,v88
2022 DEC,5.9,2023-02-14,v88
2022 FEB,5.8,2023-02-14,v88
2022 NOV,6.5,2023-02-14,v88
2022 DEC,6.0,2023-03-14,v89
2022 FEB,5.6,2023-03-14,v89
2022 JAN,4.7,2023-03-14,v89
2022 MAR,6.9,2023-03-14,v89
2023 JAN,5.7,2023-03-14,v89
2022 APR,6.6,2023-04-17,v90
2022 FEB,5.4,2023-04-17,v90
2022 JAN,4.8,2023-04-17,v90
2022 MAR,6.6,2023-04-17,v90
2023 FEB,5.9,2023-04-17,v90
2023 JAN,5.9,2023-04-17,v90
2022 APR,6.5,2023-05-15,v91
2022 FEB,5.5,2023-05-15,v91
2022 MAR,6.5,2023-05-15,v91
2022 MAY,6.2,2023-05-15,v91
2023 FEB,5.8,2023-05-15,v91
2023 MAR,5.8,2023-05-15,v91
2022 FEB,5.6,2023-06-12,v92
2022 JUN,5.1,2023-06-12,v92
2022 MAR,6.6,2023-06-12,v92
2022 MAY,6.1,2023-06-12,v92
2023 APR,6.5,2023-06-12,v92
2023 MAR,6.1,2023-06-12,v92
2023 APR,6.7,2023-07-10,v93
2023 MAY,6.9,2023-07-10,v93
2022 APR,6.6,2023-08-14,v94
2022 AUG,6.0,2023-08-14,v94
2022 JUN,5.2,2023-08-14,v94
2022 MAY,6.2,2023-08-14,v94
2023 JUN,8.2,2023-08-14,v94
2023 MAY,7.2,2023-08-14,v94
2001 APR,6.2,2023-09-11,v95
2001 AUG,5.3,2023-09-11,v95
2001 DEC,4.2,2023-09-11,v95
2001 MAR,6.1,2023-09-11,v95
2001 NOV,4.6,2023-09-11,v95
2001 OCT,4.8,2023-09-11,v95
2002 APR,3.0,2023-09-11,v95
2002 AUG,3.6,2023-09-11,v95
2002 DEC,2.8,2023-09-11,v95
2002 FEB,3.2,2023-09-11,v95
2002 JUN,3.7,2023-09-11,v95
2002 MAR,3.0,2023-09-11,v95
2002 NOV,3.0,2023-09-11,v95
2002 OCT,3.1,2023-09-11,v95
2002 SEP,3.4,2023-09-11,v95
2003 APR,3.0,2023-09-11,v95
2003 DEC,4.1,2023-09-11,v95
2003 FEB,2.2,2023-09-11,v95
2003 JAN,2.5,2023-09-11,v95
2003 JUN,2.7,2023-09-11,v95
2003 MAR,2.8,2023-09-11,v95
2003 NOV,3.9,2023-09-11,v95
2003 OCT,3.7,2023-09-11,v95
2003 SEP,3.3,2023-09-11,v95
2004 APR,3.7,2023-09-11,v95
2004 AUG,4.1,2023-09-11,v95
2004 DEC,4.3,2023-09-11,v95
2004 FEB,4.9,2023-09-11,v95
2004 JAN,5.1,2023-09-11,v95
2004 JUL,4.1,2023-09-11,v95
2004 JUN,4.2,2023-09-11,v95
2004 MAR,4.7,2023-09-11,v95
2004 NOV,4.2,2023-09-11,v95
2004 OCT,4.2,2023-09-11,v95
2004 SEP,4.1,2023-09-11,v95
2005 APR,4.6,2023-09-11,v95
2005 AUG,4.8,2023-09-11,v95
2005 DEC,4.5,2023-09-11,v95
2005 FEB,4.6,2023-09-11,v95
2005 JAN,4.2,2023-09-11,v95
2005 JUL,4.6,2023-09-11,v95
2005 JUN,4.5,2023-09-11,v95
2005 MAR,4.5,2023-09-11,v95
2005 NOV,4.7,2023-09-11,v95
2005 OCT,4.8,2023-09-11,v95
2005 SEP,5.0,2023-09-11,v95
2006 APR,5.3,2023-09-11,v95
2006 AUG,4.7,2023-09-11,v95
2006 DEC,4.9,2023-09-11,v95
2006 FEB,4.4,2023-09-11,v95
2006 JAN,4.2,2023-09-11,v95
2006 JUL,5.0,2023-09-11,v95
2006 MAR,4.9,2023-09-11,v95
2006 MAY,5.0,2023-09-11,v95
2006 NOV,4.2,2023-09-11,v95
2006 OCT,4.0,2023-09-11,v95
2006 SEP,4.1,2023-09-11,v95
2007 APR,5.3,2023-09-11,v95
2007 AUG,4.8,2023-09-11,v95
2007 DEC,4.1,2023-09-11,v95
2007 FEB,6.2,2023-09-11,v95
2007 JAN,5.4,2023-09-11,v95
2007 JUL,4.6,2023-09-11,v95
2007 JUN,4.4,2023-09-11,v95
2007 MAR,5.8,2023-09-11,v95
2007 NOV,4.9,2023-09-11,v95
2007 OCT,5.0,2023-09-11,v95
2007 SEP,5.2,2023-09-11,v95
2008 APR,4.6,2023-09-11,v95
2008 AUG,3.3,2023-09-11,v95
2008 DEC,2.8,2023-09-11,v95
2008 FEB,3.6,2023-09-11,v95
2008 JAN,3.8,2023-09-11,v95
2008 JUL,3.7,2023-09-11,v95
2008 JUN,4.2,2023-09-11,v95
2008 MAR,4.1,2023-09-11,v95
2008 MAY,4.7,2023-09-11,v95
2008 OCT,3.1,2023-09-11,v95
2008 SEP,3.1,2023-09-11,v95
2009 AUG,0.8,2023-09-11,v95
2009 DEC,0.7,2023-09-11,v95
2009 FEB,-1.8,2023-09-11,v95
2009 JAN,1.0,2023-09-11,v95
2009 JUL,0.8,2023-09-11,v95
2009 MAR,-2.9,2023-09-11,v95
2009 MAY,0.5,2023-09-11,v95
2009 SEP,0.7,2023-09-11,v95
2010 APR,3.7,2023-09-11,v95
2010 AUG,1.3,2023-09-11,v95
2010 DEC,1.9,2023-09-11,v95
2010 FEB,4.6,2023-09-11,v95
2010 JAN,2.0,2023-09-11,v95
2010 JUL,1.2,2023-09-11,v95
2010 JUN,1.0,2023-09-11,v95
2010 MAR,4.9,2023-09-11,v95
2010 MAY,1.2,2023-09-11,v95
2010 NOV,1.8,2023-09-11,v95
2010 OCT,1.7,2023-09-11,v95
2010 SEP,1.5,2023-09-11,v95
2011 APR,2.1,2023-09-11,v95
2011 AUG,2.7,2023-09-11,v95
2011 JAN,2.7,2023-09-11,v95
2011 JUL,2.8,2023-09-11,v95
2011 JUN,2.5,2023-09-11,v95
2011 MAR,2.8,2023-09-11,v95
2011 MAY,2.4,2023-09-11,v95
2012 APR,1.3,2023-09-11,v95
2012 AUG,1.7,2023-09-11,v95
2012 FEB,0.8,2023-09-11,v95
2012 JAN,1.2,2023-09-11,v95
2012 JUL,1.5,2023-09-11,v95
2012 JUN,1.6,2023-09-11,v95
2012 MAR,0.6,2023-09-11,v95
2012 MAY,1.5,2023-09-11,v95
2013 AUG,0.8,2023-09-11,v95
2013 FEB,1.0,2023-09-11,v95
2013 JAN,1.1,2023-09-11,v95
2013 JUL,1.2,2023-09-11,v95
2013 JUN,2.2,2023-09-11,v95
2013 MAR,0.5,2023-09-11,v95
2013 MAY,1.7,2023-09-11,v95
2014 JUL,0.5,2023-09-11,v95
2014 JUN,-0.2,2023-09-11,v95
2014 MAR,1.7,2023-09-11,v95
2015 JAN,1.8,2023-09-11,v95
2016 JUN,2.6,2023-09-11,v95
2016 MAR,2.1,2023-09-11,v95
2016 MAY,2.4,2023-09-11,v95
2016 OCT,2.5,2023-09-11,v95
2017 AUG,2.4,2023-09-11,v95
2017 JUN,2.2,2023-09-11,v95
2017 MAR,2.3,2023-09-11,v95
2017 MAY,1.9,2023-09-11,v95
2017 OCT,2.6,2023-09-11,v95
2018 APR,2.6,2023-09-11,v95
2018 AUG,2.9,2023-09-11,v95
2018 JUL,2.7,2023-09-11,v95
2018 JUN,2.4,2023-09-11,v95
2018 MAR,2.6,2023-09-11,v95
2018 MAY,2.5,2023-09-11,v95
2019 APR,3.2,2023-09-11,v95
2019 AUG,3.8,2023-09-11,v95
2019 JAN,3.4,2023-09-11,v95
2019 JUL,4.0,2023-09-11,v95
2019 MAR,3.2,2023-09-11,v95
2019 MAY,3.4,2023-09-11,v95
2020 APR,0.9,2023-09-11,v95
2020 AUG,0.2,2023-09-11,v95
2020 JUN,-1.1,2023-09-11,v95
2020 MAR,2.2,2023-09-11,v95
2020 MAY,-0.4,2023-09-11,v95
2020 OCT,2.8,2023-09-11,v95
2020 SEP,1.5,2023-09-11,v95
2021 APR,5.6,2023-09-11,v95
2021 AUG,7.2,2023-09-11,v95
2021 JAN,4.8,2023-09-11,v95
2021 JUL,8.4,2023-09-11,v95
2021 JUN,8.9,2023-09-11,v95
2021 MAR,4.2,2023-09-11,v95
2021 MAY,7.5,2023-09-11,v95
2021 OCT,5.0,2023-09-11,v95
2021 SEP,5.9,2023-09-11,v95
2022 APR,6.9,2023-09-11,v95
2022 JUL,5.4,2023-09-11,v95
2022 JUN,5.1,2023-09-11,v95
2022 MAR,7.0,2023-09-11,v95
2022 MAY,6.4,2023-09-11,v95
2023 APR,6.8,2023-09-11,v95
2023 JUL,8.5,2023-09-11,v95
2023 JUN,8.4,2023-09-11,v95
2023 MAR,6.2,2023-09-11,v95
2020 JUL,-0.9,2023-09-11,v96
2020 JUL,-1.0,2023-11-14,v97
2022 OCT,6.1,2023-11-14,v97
2022 SEP,5.9,2023-11-14,v97
2023 AUG,8.2,2023-11-14,v97
2023 SEP,7.9,2023-11-14,v97
2020 JUL,-0.9,2023-11-14,v98
2022 MAY,5.1,2023-11-14,v98
2022 DEC,6.1,2023-12-12,v99
2022 MAY,6.4,2023-12-12,v99
2022 OCT,6.2,2023-12-12,v99
2022 SEP,6.0,2023-12-12,v99
2023 OCT,7.2,2023-12-12,v99
2023 SEP,8.0,2023-12-12,v99
2022 DEC,6.4,2024-01-16,v100
2022 NOV,6.8,2024-01-16,v100
2023 JAN,6.2,2024-01-16,v100
2023 NOV,6.5,2024-01-16,v100
2022 DEC,6.3,2024-02-13,v101
2022 NOV,6.7,2024-02-13,v101
2023 DEC,5.8,2024-02-13,v101
2023 FEB,5.9,2024-02-13,v101
2023 JAN,6.1,2024-02-13,v101
2023 NOV,6.7,2024-02-13,v101
2023 FEB,6.0,2024-03-12,v102
2023 JAN,6.2,2024-03-12,v102
2023 MAR,6.3,2024-03-12,v102
2024 JAN,5.6,2024-03-12,v102
2023 APR,6.9,2024-04-15,v103
2023 FEB,6.1,2024-04-15,v103
2024 FEB,5.6,2024-04-15,v103
2023 MAR,6.4,2024-05-13,v104
2023 MAY,7.3,2024-05-13,v104
2024 FEB,5.7,2024-05-13,v104
2024 MAR,5.7,2024-05-13,v104
2023 MAR,6.3,2024-06-10,v105
2023 MAY,7.2,2024-06-10,v105
2024 APR,5.9,2024-06-10,v105
2024 MAR,5.9,2024-06-10,v105
2023 APR,6.8,2024-07-17,v106
2023 JUL,8.6,2024-07-17,v106
2024 MAY,5.7,2024-07-17,v106
2023 JUL,8.4,2024-08-12,v107
2023 JUN,8.2,2024-08-12,v107
2023 MAY,7.1,2024-08-12,v107
2024 JUN,4.5,2024-08-12,v107
2023 AUG,8.0,2024-09-09,v108
2023 JUL,8.3,2024-09-09,v108
2023 JUN,8.1,2024-09-09,v108
2023 SEP,7.9,2024-09-09,v108
2024 JUL,4.0,2024-09-09,v108
2024 JUN,4.6,2024-09-09,v108
2023 JUN,8.2,2024-10-14,v109
2023 SEP,7.8,2024-10-14,v109
2024 AUG,3.8,2024-10-14,v109
2024 JUL,4.1,2024-10-14,v109
2023 NOV,6.4,2024-11-12,v110
2023 OCT,6.9,2024-11-12,v110
2023 SEP,7.5,2024-11-12,v110
2024 AUG,3.9,2024-11-12,v110
2024 SEP,4.3,2024-11-12,v110
2023 NOV,6.5,2024-12-17,v111
2023 OCT,7.0,2024-12-17,v111
2023 SEP,7.6,2024-12-17,v111
2024 OCT,5.2,2024-12-17,v111
2024 SEP,4.4,2024-12-17,v111
2023 DEC,5.9,2025-01-21,v112
2023 NOV,6.6,2025-01-21,v112
2023 SEP,7.7,2025-01-21,v112
2024 JAN,5.7,2025-01-21,v112
2024 NOV,5.6,2025-01-21,v112
2024 DEC,6.0,2025-02-18,v113
2024 JAN,5.8,2025-02-18,v113
2024 NOV,5.5,2025-02-18,v113
2024 OCT,5.3,2025-02-18,v113
2024 DEC,6.1,2025-03-20,v114
2024 FEB,5.8,2025-03-20,v114
2024 MAR,6.0,2025-03-20,v114
2025 JAN,5.8,2025-03-20,v114
2021 APR,5.7,2025-04-14,v115
2021 DEC,4.9,2025-04-14,v115
2021 FEB,4.6,2025-04-14,v115
2021 MAY,7.4,2025-04-14,v115
2021 NOV,4.4,2025-04-14,v115
2022 APR,7.1,2025-04-14,v115
2022 AUG,6.1,2025-04-14,v115
2022 DEC,6.2,2025-04-14,v115
2022 FEB,5.9,2025-04-14,v115
2022 JAN,5.2,2025-04-14,v115
2022 JUL,5.5,2025-04-14,v115
2022 JUN,5.2,2025-04-14,v115
2022 MAR,7.3,2025-04-14,v115
2022 MAY,6.5,2025-04-14,v115
2022 NOV,6.6,2025-04-14,v115
2023 AUG,8.2,2025-04-14,v115
2023 DEC,5.8,2025-04-14,v115
2023 FEB,5.9,2025-04-14,v115
2023 JAN,6.1,2025-04-14,v115
2023 JUL,8.4,2025-04-14,v115
2023 JUN,8.3,2025-04-14,v115
2023 MAY,7.2,2025-04-14,v115
2023 OCT,7.1,2025-04-14,v115
2023 SEP,7.9,2025-04-14,v115
2024 APR,5.8,2025-04-14,v115
2024 AUG,4.1,2025-04-14,v115
2024 DEC,6.0,2025-04-14,v115
2024 FEB,5.7,2025-04-14,v115
2024 JAN,5.7,2025-04-14,v115
2024 JUL,4.3,2025-04-14,v115
2024 JUN,4.7,2025-04-14,v115
2024 MAR,5.9,2025-04-14,v115
2024 NOV,5.6,2025-04-14,v115
2024 OCT,5.4,2025-04-14,v115
2024 SEP,4.6,2025-04-14,v115
2025 FEB,5.6,2025-04-14,v115
2025 JAN,5.6,2025-04-14,v115
2005 DEC,4.6,2025-05-12,v116
2007 APR,5.2,2025-05-12,v116
2007 JUN,4.5,2025-05-12,v116
2008 APR,4.5,2025-05-12,v116
2008 FEB,3.5,2025-05-12,v116
2009 JUL,0.9,2025-05-12,v116
2009 JUN,1.2,2025-05-12,v116
2010 APR,3.8,2025-05-12,v116
2010 MAR,5.0,2025-05-12,v116
2010 MAY,1.3,2025-05-12,v116
2013 MAY,1.6,2025-05-12,v116
2014 JUN,-0.3,2025-05-12,v116
2014 MAR,1.8,2025-05-12,v116
2018 FEB,2.9,2025-05-12,v116
2019 FEB,3.6,2025-05-12,v116
2019 MAR,3.3,2025-05-12,v116
2019 OCT,3.2,2025-05-12,v116
2020 AUG,0.1,2025-05-12,v116
2020 JAN,3.0,2025-05-12,v116
2021 APR,5.6,2025-05-12,v116
2021 FEB,4.5,2025-05-12,v116
2021 MAY,7.5,2025-05-12,v116
2021 OCT,5.1,2025-05-12,v116
2023 SEP,7.8,2025-05-12,v116
2024 DEC,6.1,2025-05-12,v116
2025 FEB,5.7,2025-05-12,v116
2025 JAN,5.7,2025-05-12,v116
2025 MAR,5.5,2025-05-12,v116
2024 MAR,5.8,2025-06-09,v117
2025 APR,5.3,2025-06-09,v117
2025 MAR,5.6,2025-06-09,v117
2024 MAR,5.9,2025-07-16,v118
2024 MAY,5.8,2025-07-16,v118
2025 APR,5.4,2025-07-16,v118
2025 MAY,5.0,2025-07-16,v118
2024 JUL,4.4,2025-08-11,v119
2024 JUN,4.8,2025-08-11,v119
2025 JUN,4.6,2025-08-11,v119
2024 AUG,4.2,2025-09-15,v120
2024 JUN,4.7,2025-09-15,v120
2024 SEP,4.7,2025-09-15,v120
2025 JUL,4.7,2025-09-15,v120
2024 JUN,4.8,2025-10-13,v121
2025 AUG,5.0,2025-10-13,v121
2025 JUL,4.8,2025-10-13,v121
2024 AUG,4.1,2025-11-11,v122
2024 NOV,5.7,2025-11-11,v122
2024 OCT,5.5,2025-11-11,v122
2024 SEP,4.8,2025-11-11,v122
2025 SEP,4.8,2025-11-11,v122
2024 DEC,6.0,2025-12-16,v123
2024 NOV,5.6,2025-12-16,v123
2024 OCT,5.4,2025-12-16,v123
2024 SEP,4.7,2025-12-16,v123
2025 OCT,4.7,2025-12-16,v123
2025 SEP,4.9,2025-12-16,v123
2024 OCT,5.3,2026-01-20,v124
2024 SEP,4.8,2026-01-20,v124
2025 NOV,4.7,2026-01-20,v124
2025 OCT,4.8,2026-01-20,v124
2024 DEC,5.9,2026-02-17,v125
2025 DEC,4.2,2026-02-17,v125
2025 NOV,4.6,2026-02-17,v125
2025 FEB,5.8,2026-03-19,v126
2025 JAN,5.8,2026-03-19,v126
2025 MAR,5.7,2026-03-19,v126
2026 JAN,3.9,2026-03-19,v126
2025 FEB,5.7,2026-04-20,v127
2025 JAN,5.6,2026-04-20,v127
2025 MAR,5.6,2026-04-20,v127
2026 FEB,3.8,2026-04-20,v127
2026 JAN,4.1,2026-04-20,v127
2025 APR,5.3,2026-05-18,v128
2025 MAR,5.4,2026-05-18,v128
2025 MAY,4.9,2026-05-18,v128
2026 FEB,3.9,2026-05-18,v128
2026 MAR,4.1,2026-05-18,v128
2025 APR,5.2,2026-06-17,v129
2025 JUN,4.7,2026-06-17,v129
2026 APR,4.4,2026-06-17,v129
2026 MAR,4.4,2026-06-17,v129
2026 MAY,4.3,2026-07-20,v130
2004 JAN,5.2,2026-08-17,current
2007 APR,5.3,2026-08-17,current
2007 JUN,4.4,2026-08-17,current
2019 MAY,3.3,2026-08-17,current
2020 AUG,0.2,2026-08-17,current
2020 JUN,-1.2,2026-08-17,current
2021 MAY,7.4,2026-08-17,current
2021 SEP,6.0,2026-08-17,current
2022 JUN,5.3,2026-08-17,current
2022 MAR,7.2,2026-08-17,current
2023 APR,6.7,2026-08-17,current
2023 JUL,8.5,2026-08-17,current
2023 MAR,6.2,2026-08-17,current
2023 SEP,7.9,2026-08-17,current
2024 APR,5.7,2026-08-17,current
2024 DEC,6.0,2026-08-17,current
2024 JAN,5.8,2026-08-17,current
2024 MAR,5.8,2026-08-17,current
2024 MAY,5.7,2026-08-17,current
2024 NOV,5.5,2026-08-17,current
2024 SEP,4.6,2026-08-17,current
2025 APR,5.3,2026-08-17,current
2025 JAN,5.7,2026-08-17,current
2025 JUL,4.9,2026-08-17,current
2025 MAR,5.5,2026-08-17,current
2025 MAY,5.0,2026-08-17,current
2026 JUN,4.1,2026-08-17,current
2026 MAY,4.4,2026-08-17,current
